{
  "4": {
    "indices": [
      288,
      266,
      278,
      295
    ],
    "wavelengths_nm": [
      610.0239868164062,
      594.0170288085938,
      602.7479858398438,
      615.1170043945312
    ]
  },
  "10": {
    "indices": [
      288,
      266,
      278,
      295,
      291,
      289,
      287,
      300,
      285,
      292
    ],
    "wavelengths_nm": [
      610.0239868164062,
      594.0170288085938,
      602.7479858398438,
      615.1170043945312,
      612.2069702148438,
      610.7509765625,
      609.2960205078125,
      618.7550048828125,
      607.8410034179688,
      612.9340209960938
    ]
  },
  "20": {
    "indices": [
      288,
      266,
      278,
      295,
      291,
      289,
      287,
      300,
      285,
      292,
      277,
      279,
      274,
      309,
      298,
      281,
      297,
      306,
      290,
      308
    ],
    "wavelengths_nm": [
      610.0239868164062,
      594.0170288085938,
      602.7479858398438,
      615.1170043945312,
      612.2069702148438,
      610.7509765625,
      609.2960205078125,
      618.7550048828125,
      607.8410034179688,
      612.9340209960938,
      602.02099609375,
      603.4760131835938,
      599.8380126953125,
      625.302978515625,
      617.2999877929688,
      604.9310302734375,
      616.572021484375,
      623.1199951171875,
      611.47900390625,
      624.5750122070312
    ]
  },
  "50": {
    "indices": [
      288,
      266,
      278,
      295,
      291,
      289,
      287,
      300,
      285,
      292,
      277,
      279,
      274,
      309,
      298,
      281,
      297,
      306,
      290,
      308,
      265,
      269,
      307,
      299,
      276,
      271,
      257,
      284,
      258,
      303,
      267,
      260,
      263,
      272,
      262,
      273,
      293,
      282,
      316,
      270,
      305,
      261,
      268,
      294,
      286,
      280,
      275,
      314,
      302,
      315
    ],
    "wavelengths_nm": [
      610.0239868164062,
      594.0170288085938,
      602.7479858398438,
      615.1170043945312,
      612.2069702148438,
      610.7509765625,
      609.2960205078125,
      618.7550048828125,
      607.8410034179688,
      612.9340209960938,
      602.02099609375,
      603.4760131835938,
      599.8380126953125,
      625.302978515625,
      617.2999877929688,
      604.9310302734375,
      616.572021484375,
      623.1199951171875,
      611.47900390625,
      624.5750122070312,
      593.2899780273438,
      596.2000122070312,
      623.8480224609375,
      618.0269775390625,
      601.2930297851562,
      597.655029296875,
      587.468994140625,
      607.114013671875,
      588.197021484375,
      620.93701171875,
      594.7449951171875,
      589.6519775390625,
      591.833984375,
      598.3829956054688,
      591.1069946289062,
      599.1099853515625,
      613.6619873046875,
      605.6580200195312,
      630.39599609375,
      596.927001953125,
      622.3930053710938,
      590.3790283203125,
      595.4719848632812,
      614.3889770507812,
      608.5689697265625,
      604.2030029296875,
      600.5650024414062,
      628.9409790039062,
      620.2100219726562,
      629.6680297851562
    ]
  },
  "100": {
    "indices": [
      288,
      266,
      278,
      295,
      291,
      289,
      287,
      300,
      285,
      292,
      277,
      279,
      274,
      309,
      298,
      281,
      297,
      306,
      290,
      308,
      265,
      269,
      307,
      299,
      276,
      271,
      257,
      284,
      258,
      303,
      267,
      260,
      263,
      272,
      262,
      273,
      293,
      282,
      316,
      270,
      305,
      261,
      268,
      294,
      286,
      280,
      275,
      314,
      302,
      315,
      296,
      283,
      310,
      264,
      311,
      304,
      320,
      256,
      322,
      255,
      251,
      250,
      313,
      317,
      259,
      318,
      301,
      326,
      319,
      324,
      254,
      243,
      249,
      334,
      321,
      328,
      246,
      253,
      327,
      312,
      335,
      330,
      332,
      325,
      247,
      331,
      248,
      244,
      239,
      242,
      245,
      237,
      329,
      236,
      240,
      336,
      238,
      323,
      241,
      252
    ],
    "wavelengths_nm": [
      610.0239868164062,
      594.0170288085938,
      602.7479858398438,
      615.1170043945312,
      612.2069702148438,
      610.7509765625,
      609.2960205078125,
      618.7550048828125,
      607.8410034179688,
      612.9340209960938,
      602.02099609375,
      603.4760131835938,
      599.8380126953125,
      625.302978515625,
      617.2999877929688,
      604.9310302734375,
      616.572021484375,
      623.1199951171875,
      611.47900390625,
      624.5750122070312,
      593.2899780273438,
      596.2000122070312,
      623.8480224609375,
      618.0269775390625,
      601.2930297851562,
      597.655029296875,
      587.468994140625,
      607.114013671875,
      588.197021484375,
      620.93701171875,
      594.7449951171875,
      589.6519775390625,
      591.833984375,
      598.3829956054688,
      591.1069946289062,
      599.1099853515625,
      613.6619873046875,
      605.6580200195312,
      630.39599609375,
      596.927001953125,
      622.3930053710938,
      590.3790283203125,
      595.4719848632812,
      614.3889770507812,
      608.5689697265625,
      604.2030029296875,
      600.5650024414062,
      628.9409790039062,
      620.2100219726562,
      629.6680297851562,
      615.843994140625,
      606.385986328125,
      626.030029296875,
      592.56201171875,
      626.7579956054688,
      621.6649780273438,
      633.3060302734375,
      586.7410278320312,
      634.760986328125,
      586.0139770507812,
      583.10400390625,
      582.3759765625,
      628.2130126953125,
      631.1229858398438,
      588.9240112304688,
      631.8510131835938,
      619.4819946289062,
      637.6719970703125,
      632.5789794921875,
      636.2169799804688,
      585.2860107421875,
      577.2830200195312,
      581.6480102539062,
      643.4920043945312,
      634.0339965820312,
      639.1270141601562,
      579.4660034179688,
      584.5590209960938,
      638.3989868164062,
      627.4860229492188,
      644.219970703125,
      640.5819702148438,
      642.0369873046875,
      636.9439697265625,
      580.1929931640625,
      641.3099975585938,
      580.9210205078125,
      578.010986328125,
      574.3729858398438,
      576.5549926757812,
      578.7379760742188,
      572.9180297851562,
      639.85400390625,
      572.1900024414062,
      575.0999755859375,
      644.947021484375,
      573.64501953125,
      635.489013671875,
      575.8280029296875,
      583.8309936523438
    ]
  }
}