{
  "4": {
    "indices": [
      209,
      198,
      0,
      217
    ],
    "wavelengths_nm": [
      552.5449829101562,
      544.5419921875,
      400.48199462890625,
      558.3660278320312
    ]
  },
  "10": {
    "indices": [
      209,
      198,
      0,
      217,
      205,
      15,
      356,
      1,
      3,
      6
    ],
    "wavelengths_nm": [
      552.5449829101562,
      544.5419921875,
      400.48199462890625,
      558.3660278320312,
      549.635009765625,
      411.39599609375,
      659.4990234375,
      401.2099914550781,
      402.6650085449219,
      404.8479919433594
    ]
  },
  "20": {
    "indices": [
      209,
      198,
      0,
      217,
      205,
      15,
      356,
      1,
      3,
      6,
      7,
      2,
      4,
      5,
      8,
      9,
      10,
      11,
      13,
      14
    ],
    "wavelengths_nm": [
      552.5449829101562,
      544.5419921875,
      400.48199462890625,
      558.3660278320312,
      549.635009765625,
      411.39599609375,
      659.4990234375,
      401.2099914550781,
      402.6650085449219,
      404.8479919433594,
      405.57501220703125,
      401.93798828125,
      403.39300537109375,
      404.1199951171875,
      406.3030090332031,
      407.031005859375,
      407.75799560546875,
      408.4859924316406,
      409.9410095214844,
      410.6679992675781
    ]
  },
  "50": {
    "indices": [
      209,
      198,
      0,
      217,
      205,
      15,
      356,
      1,
      3,
      6,
      7,
      2,
      4,
      5,
      8,
      9,
      10,
      11,
      13,
      14,
      12,
      17,
      18,
      16,
      20,
      21,
      19,
      23,
      28,
      22,
      24,
      25,
      26,
      27,
      29,
      35,
      30,
      31,
      32,
      33,
      34,
      36,
      43,
      37,
      38,
      39,
      40,
      41,
      42,
      698
    ],
    "wavelengths_nm": [
      552.5449829101562,
      544.5419921875,
      400.48199462890625,
      558.3660278320312,
      549.635009765625,
      411.39599609375,
      659.4990234375,
      401.2099914550781,
      402.6650085449219,
      404.8479919433594,
      405.57501220703125,
      401.93798828125,
      403.39300537109375,
      404.1199951171875,
      406.3030090332031,
      407.031005859375,
      407.75799560546875,
      408.4859924316406,
      409.9410095214844,
      410.6679992675781,
      409.2130126953125,
      412.85101318359375,
      413.5790100097656,
      412.1239929199219,
      415.03399658203125,
      415.760986328125,
      414.3059997558594,
      417.2170104980469,
      420.85400390625,
      416.489013671875,
      417.9440002441406,
      418.6719970703125,
      419.39898681640625,
      420.12701416015625,
      421.5820007324219,
      425.9469909667969,
      422.30999755859375,
      423.0369873046875,
      423.7650146484375,
      424.49200439453125,
      425.2200012207031,
      426.67498779296875,
      431.76800537109375,
      427.40301513671875,
      428.1300048828125,
      428.8580017089844,
      429.5849914550781,
      430.31298828125,
      431.0409851074219,
      908.3289794921875
    ]
  },
  "100": {
    "indices": [
      209,
      198,
      0,
      217,
      205,
      15,
      356,
      1,
      3,
      6,
      7,
      2,
      4,
      5,
      8,
      9,
      10,
      11,
      13,
      14,
      12,
      17,
      18,
      16,
      20,
      21,
      19,
      23,
      28,
      22,
      24,
      25,
      26,
      27,
      29,
      35,
      30,
      31,
      32,
      33,
      34,
      36,
      43,
      37,
      38,
      39,
      40,
      41,
      42,
      698,
      49,
      44,
      45,
      46,
      47,
      48,
      55,
      50,
      51,
      52,
      53,
      54,
      66,
      56,
      57,
      58,
      59,
      60,
      61,
      68,
      62,
      63,
      64,
      65,
      69,
      67,
      72,
      73,
      70,
      697,
      71,
      74,
      77,
      76,
      75,
      79,
      82,
      78,
      83,
      80,
      81,
      84,
      85,
      89,
      106,
      86,
      91,
      88,
      87,
      90
    ],
    "wavelengths_nm": [
      552.5449829101562,
      544.5419921875,
      400.48199462890625,
      558.3660278320312,
      549.635009765625,
      411.39599609375,
      659.4990234375,
      401.2099914550781,
      402.6650085449219,
      404.8479919433594,
      405.57501220703125,
      401.93798828125,
      403.39300537109375,
      404.1199951171875,
      406.3030090332031,
      407.031005859375,
      407.75799560546875,
      408.4859924316406,
      409.9410095214844,
      410.6679992675781,
      409.2130126953125,
      412.85101318359375,
      413.5790100097656,
      412.1239929199219,
      415.03399658203125,
      415.760986328125,
      414.3059997558594,
      417.2170104980469,
      420.85400390625,
      416.489013671875,
      417.9440002441406,
      418.6719970703125,
      419.39898681640625,
      420.12701416015625,
      421.5820007324219,
      425.9469909667969,
      422.30999755859375,
      423.0369873046875,
      423.7650146484375,
      424.49200439453125,
      425.2200012207031,
      426.67498779296875,
      431.76800537109375,
      427.40301513671875,
      428.1300048828125,
      428.8580017089844,
      429.5849914550781,
      430.31298828125,
      431.0409851074219,
      908.3289794921875,
      436.1340026855469,
      432.4960021972656,
      433.2229919433594,
      433.95098876953125,
      434.6780090332031,
      435.406005859375,
      440.4989929199219,
      436.8609924316406,
      437.5889892578125,
      438.3160095214844,
      439.04400634765625,
      439.77099609375,
      448.50201416015625,
      441.22698974609375,
      441.9540100097656,
      442.6820068359375,
      443.40899658203125,
      444.1369934082031,
      444.864013671875,
      449.9570007324219,
      445.5920104980469,
      446.32000732421875,
      447.0469970703125,
      447.7749938964844,
      450.68499755859375,
      449.2300109863281,
      452.8680114746094,
      453.5950012207031,
      451.4129943847656,
      907.6019897460938,
      452.1400146484375,
      454.322998046875,
      456.5060119628906,
      455.77801513671875,
      455.04998779296875,
      457.96099853515625,
      460.14300537109375,
      457.2330017089844,
      460.8710021972656,
      458.68798828125,
      459.4159851074219,
      461.5989990234375,
      462.32598876953125,
      465.23699951171875,
      477.6050109863281,
      463.0539855957031,
      466.6919860839844,
      464.5090026855469,
      463.781005859375,
      465.9639892578125
    ]
  }
}