{
  "4": {
    "indices": [
      270,
      271,
      533,
      556
    ],
    "wavelengths_nm": [
      596.927001953125,
      597.655029296875,
      788.280029296875,
      805.0139770507812
    ]
  },
  "10": {
    "indices": [
      232,
      270,
      271,
      275,
      533,
      539,
      556,
      561,
      567,
      578
    ],
    "wavelengths_nm": [
      569.280029296875,
      596.927001953125,
      597.655029296875,
      600.5650024414062,
      788.280029296875,
      792.64501953125,
      805.0139770507812,
      808.6519775390625,
      813.0170288085938,
      821.02001953125
    ]
  },
  "20": {
    "indices": [
      206,
      270,
      271,
      275,
      392,
      402,
      404,
      411,
      533,
      539,
      556,
      560,
      561,
      563,
      566,
      567,
      573,
      575,
      578,
      594
    ],
    "wavelengths_nm": [
      550.3629760742188,
      596.927001953125,
      597.655029296875,
      600.5650024414062,
      685.6920166015625,
      692.9669799804688,
      694.4219970703125,
      699.5159912109375,
      788.280029296875,
      792.64501953125,
      805.0139770507812,
      807.9240112304688,
      808.6519775390625,
      810.1069946289062,
      812.2899780273438,
      813.0170288085938,
      817.3829956054688,
      818.8380126953125,
      821.02001953125,
      832.6619873046875
    ]
  },
  "50": {
    "indices": [
      208,
      209,
      264,
      267,
      268,
      270,
      271,
      275,
      391,
      392,
      394,
      395,
      397,
      398,
      401,
      402,
      403,
      404,
      405,
      406,
      407,
      409,
      410,
      411,
      412,
      413,
      533,
      539,
      541,
      543,
      546,
      549,
      552,
      556,
      558,
      560,
      561,
      563,
      564,
      566,
      567,
      568,
      572,
      573,
      574,
      575,
      578,
      580,
      582,
      594
    ],
    "wavelengths_nm": [
      551.8179931640625,
      552.5449829101562,
      592.56201171875,
      594.7449951171875,
      595.4719848632812,
      596.927001953125,
      597.655029296875,
      600.5650024414062,
      684.9639892578125,
      685.6920166015625,
      687.14697265625,
      687.8740234375,
      689.3289794921875,
      690.0570068359375,
      692.239990234375,
      692.9669799804688,
      693.6950073242188,
      694.4219970703125,
      695.1500244140625,
      695.8779907226562,
      696.60498046875,
      698.0599975585938,
      698.7880249023438,
      699.5159912109375,
      700.2429809570312,
      700.9710083007812,
      788.280029296875,
      792.64501953125,
      794.0999755859375,
      795.5549926757812,
      797.7379760742188,
      799.9210205078125,
      802.10400390625,
      805.0139770507812,
      806.468994140625,
      807.9240112304688,
      808.6519775390625,
      810.1069946289062,
      810.833984375,
      812.2899780273438,
      813.0170288085938,
      813.7449951171875,
      816.655029296875,
      817.3829956054688,
      818.1099853515625,
      818.8380126953125,
      821.02001953125,
      822.4760131835938,
      823.9310302734375,
      832.6619873046875
    ]
  },
  "100": {
    "indices": [
      114,
      115,
      117,
      121,
      196,
      197,
      198,
      199,
      200,
      201,
      203,
      208,
      209,
      271,
      275,
      277,
      278,
      279,
      281,
      283,
      284,
      285,
      286,
      287,
      288,
      291,
      293,
      294,
      295,
      389,
      391,
      392,
      394,
      395,
      396,
      397,
      398,
      399,
      401,
      402,
      403,
      404,
      405,
      406,
      407,
      409,
      410,
      411,
      412,
      413,
      415,
      522,
      532,
      533,
      537,
      539,
      541,
      542,
      543,
      544,
      545,
      546,
      547,
      548,
      549,
      552,
      555,
      556,
      558,
      560,
      561,
      563,
      564,
      566,
      567,
      568,
      570,
      572,
      573,
      574,
      575,
      577,
      578,
      580,
      581,
      582,
      585,
      587,
      594,
      603,
      606,
      652,
      676,
      680,
      685,
      691,
      692,
      693,
      696,
      698
    ],
    "wavelengths_nm": [
      483.4259948730469,
      484.15301513671875,
      485.6090087890625,
      488.5190124511719,
      543.0869750976562,
      543.8150024414062,
      544.5419921875,
      545.27001953125,
      545.9970092773438,
      546.7249755859375,
      548.1799926757812,
      551.8179931640625,
      552.5449829101562,
      597.655029296875,
      600.5650024414062,
      602.02099609375,
      602.7479858398438,
      603.4760131835938,
      604.9310302734375,
      606.385986328125,
      607.114013671875,
      607.8410034179688,
      608.5689697265625,
      609.2960205078125,
      610.0239868164062,
      612.2069702148438,
      613.6619873046875,
      614.3889770507812,
      615.1170043945312,
      683.5089721679688,
      684.9639892578125,
      685.6920166015625,
      687.14697265625,
      687.8740234375,
      688.6019897460938,
      689.3289794921875,
      690.0570068359375,
      690.7849731445312,
      692.239990234375,
      692.9669799804688,
      693.6950073242188,
      694.4219970703125,
      695.1500244140625,
      695.8779907226562,
      696.60498046875,
      698.0599975585938,
      698.7880249023438,
      699.5159912109375,
      700.2429809570312,
      700.9710083007812,
      702.426025390625,
      780.2760009765625,
      787.552001953125,
      788.280029296875,
      791.1900024414062,
      792.64501953125,
      794.0999755859375,
      794.8280029296875,
      795.5549926757812,
      796.2830200195312,
      797.010009765625,
      797.7379760742188,
      798.4660034179688,
      799.1929931640625,
      799.9210205078125,
      802.10400390625,
      804.2860107421875,
      805.0139770507812,
      806.468994140625,
      807.9240112304688,
      808.6519775390625,
      810.1069946289062,
      810.833984375,
      812.2899780273438,
      813.0170288085938,
      813.7449951171875,
      815.2000122070312,
      816.655029296875,
      817.3829956054688,
      818.1099853515625,
      818.8380126953125,
      820.2930297851562,
      821.02001953125,
      822.4760131835938,
      823.2030029296875,
      823.9310302734375,
      826.1129760742188,
      827.5689697265625,
      832.6619873046875,
      839.2100219726562,
      841.3930053710938,
      874.8610229492188,
      892.322998046875,
      895.2329711914062,
      898.8709716796875,
      903.2360229492188,
      903.9639892578125,
      904.6920166015625,
      906.8740234375,
      908.3289794921875
    ]
  }
}